Selección,Grupos%,1/32%,1/16%,Cuartos%,Semis%,Campeón%
Argentina,98.5,77.8,66.7,51.0,36.5,22.8
España,99.2,78.3,59.5,48.8,33.4,21.3
Francia,98.1,83.0,66.2,49.4,30.7,19.0
Inglaterra,97.3,71.5,46.9,28.6,14.5,6.7
Colombia,94.7,69.3,41.9,21.9,11.7,5.1
Brasil,96.9,63.3,41.5,23.7,11.1,4.9
Portugal,93.6,66.1,38.2,19.5,9.8,4.0
Países Bajos,95.0,56.1,38.3,19.6,8.5,3.6
Suiza,97.4,68.8,32.3,11.8,4.7,1.5
Noruega,86.1,53.7,29.4,12.7,4.5,1.5
México,94.5,63.5,29.8,12.5,4.3,1.4
Alemania,95.0,55.8,23.8,11.3,4.0,1.3
Japón,90.4,43.3,24.7,10.4,3.6,1.1
Ecuador,94.4,53.4,22.1,9.9,3.3,1.0
Croacia,89.4,47.0,20.5,9.1,3.1,0.9
Marruecos,88.8,41.1,21.7,8.1,2.5,0.7
Bélgica,91.1,50.0,23.0,7.0,2.4,0.7
Turquía,75.9,45.0,17.6,5.3,1.6,0.4
Senegal,74.3,39.4,18.3,5.6,1.6,0.4
Uruguay,82.9,25.5,12.2,4.7,1.5,0.3
Austria,73.5,24.5,10.8,4.1,1.2,0.3
Paraguay,69.1,37.3,12.4,3.4,1.0,0.2
Canadá,86.8,42.4,12.2,2.5,0.5,0.1
EE.UU.,62.4,30.7,8.9,2.2,0.5,0.1
Australia,66.1,34.2,10.5,2.8,0.8,0.1
Irán,78.7,31.9,9.6,2.1,0.5,0.1
Argelia,61.4,17.3,6.2,1.8,0.5,0.1
Corea del Sur,71.7,29.9,7.7,1.5,0.3,0.0
Rep. Checa,62.4,22.2,4.9,0.8,0.1,0.0
Escocia,67.6,19.9,6.9,1.6,0.3,0.0
Costa de Marfil,76.3,27.7,7.4,1.7,0.3,0.0
Suecia,62.6,14.7,5.0,1.2,0.2,0.0
Egipto,73.8,26.9,7.0,1.4,0.3,0.0
Uzbekistán,36.3,9.0,2.0,0.4,0.1,0.0
Panamá,45.0,10.0,2.1,0.4,0.1,0.0
Sudáfrica,38.1,8.8,1.2,0.1,0.0,0.0
Bosnia-Herz.,64.8,19.7,3.6,0.4,0.0,0.0
Arabia Saudí,30.7,4.0,0.7,0.1,0.0,0.0
Cabo Verde,35.8,5.2,1.1,0.1,0.0,0.0
Jordania,28.0,4.5,0.9,0.1,0.0,0.0
RD Congo,33.5,7.9,1.7,0.3,0.0,0.0
Ghana,26.9,4.1,0.6,0.1,0.0,0.0
Qatar,18.6,2.1,0.2,0.0,0.0,0.0
Haití,17.5,2.0,0.3,0.0,0.0,0.0
Curazao,12.0,1.2,0.1,0.0,0.0,0.0
Túnez,21.9,2.1,0.3,0.0,0.0,0.0
Nueva Zelanda,30.0,5.0,0.6,0.0,0.0,0.0
Irak,14.8,2.9,0.5,0.0,0.0,0.0
